date_block_num,sales_region_code,item_code,first_cate_code,second_cate_code,item_cnt_month_pred
40,101,20002,303,406,34.46344941637803
40,101,20003,301,405,107.89333808976615
40,101,20006,307,403,91.99766460908288
40,101,20011,303,401,66.194111007105
40,101,20014,307,403,9.742011944469922
40,101,20016,303,401,316.0581924771802
40,101,20020,305,412,2.88588399967153
40,101,20021,305,412,9.685110342945274
40,101,20024,306,402,501.1526454805387
40,101,20041,302,408,915.9536490910875
40,101,20046,303,401,104.78962947861328
40,101,20049,302,408,11.69018425279442
40,101,20055,304,409,13.072219209616312
40,101,20076,303,401,11.067305537830777
40,101,20086,303,401,13.333293315365605
40,101,20088,308,404,182.1208182266695
40,101,20089,307,403,38.21380041639813
40,101,20091,308,404,87.98348379772438
40,101,20093,306,407,968.591627509118
40,101,20113,308,404,2698.1274244286965
40,101,20114,306,407,114.67375072583826
40,101,20118,305,412,53.8253311412474
40,101,20119,305,412,331.13308606770363
40,101,20127,307,403,8.807407382325456
40,101,20134,305,412,58.480499716668106
40,101,20135,303,401,11.739092834090997
40,101,20140,305,412,9.409744084778126
40,101,20142,306,407,2.817683293728737
40,101,20145,306,407,11.17169257992216
40,101,20150,304,409,6.771289304878744
40,101,20152,305,412,1575.239747934715
40,101,20160,303,410,4.793996815755984
40,101,20163,302,408,13.88133611498367
40,101,20164,306,407,9.301473932166068
40,101,20165,305,412,197.16265680378612
40,101,20169,308,404,74.1610170940816
40,101,20172,306,407,18.72509301195046
40,101,20175,304,409,8.811875825087952
40,101,20178,307,403,84.83181233289763
40,101,20182,303,401,347.22248089729106
40,101,20187,302,408,9.542263936745998
40,101,20191,305,412,204.59759617101153
40,101,20192,308,404,11.470473989805509
40,101,20198,303,401,59.731124424085905
40,101,20206,305,412,156.5339179614929
40,101,20218,302,408,2.1069636971090526
40,101,20221,306,407,1219.533847489159
40,101,20224,307,403,6726.4192835400845
40,101,20226,303,401,144.44739660994043
40,101,20227,308,404,1110.3632294432518
40,101,20230,306,407,29.325465757699614
40,101,20245,303,411,12.956905082025719
40,101,20247,306,407,3.7054805946462763
40,101,20251,303,406,47.15253706679743
40,101,20252,306,407,4524.598320593237
40,101,20253,306,407,9781.728481892638
40,101,20254,303,401,66.20133921661022
40,101,20259,306,407,13.718916287273556
40,101,20267,303,401,10.154086942471608
40,101,20272,308,404,59.552073384698225
40,101,20278,305,412,3510.1515631849193
40,101,20283,306,407,1476.3732802767342
40,101,20284,304,409,8.546415916814054
40,101,20285,305,412,3.125251903234319
40,101,20291,306,407,157.78168856133226
40,101,20297,306,407,14.560002049566409
40,101,20305,305,412,88.06757242994635
40,101,20313,305,412,199.97148429783135
40,101,20316,301,405,12.088249251341823
40,101,20320,306,407,343.7011061423787
40,101,20321,302,408,421.1169365219328
40,101,20323,305,412,916.9901439711119
40,101,20324,303,401,60.75782359743138
40,101,20327,302,408,11.417570275789242
40,101,20328,306,407,12.9925086483625
40,101,20329,308,404,212.80014579141994
40,101,20337,302,408,243.50050868498974
40,101,20341,308,404,203.18465589681438
40,101,20342,305,412,4.106834683532149
40,101,20344,308,404,5.841577711962373
40,101,20346,306,407,8344.18468795295
40,101,20356,308,404,223.34153427657543
40,101,20359,305,412,255.53586448321812
40,101,20360,303,401,21.053219724741577
40,101,20366,302,408,223.50607937198347
40,101,20368,306,407,384.6328494542445
40,101,20370,305,412,11.34285229104707
40,101,20387,305,412,258.375027023335
40,101,20388,305,412,4.578175430534877
40,101,20389,302,408,65.96356481998535
40,101,20394,303,406,7.550835055000801
40,101,20397,307,403,186.74457205528236
40,101,20399,302,408,2.75260427151167
40,101,20404,303,401,101.8826332877292
40,101,20413,306,407,505.19015485350167
40,101,20414,308,404,1895.9353837834328
40,101,20416,301,405,3.451906842104852
40,101,20422,302,408,4.51952839563582
40,101,20429,305,412,282.1709328821859
40,101,20434,306,407,153.81601792233508
40,101,20438,304,409,4.707588923323288
40,101,20439,302,408,1.803911845756631
40,101,20447,304,409,11.796075107665548
40,101,20449,306,407,151.1931021383978
40,101,20457,305,412,981.7924768619679
40,101,20459,305,412,48.349569772940846
40,101,20461,303,406,20.79149570878001
40,101,20465,302,408,7.909196176243924
40,101,20480,307,403,4.527365502449108
40,101,20492,307,403,382.2726577777211
40,101,20494,304,409,26.24724720452579
40,101,20498,306,407,3.759715153088239
40,101,20501,306,407,6120.313861754645
40,101,20502,305,412,15.952696347661684
40,101,20503,308,404,234.35800957627436
40,101,20504,307,403,756.4728858836907
40,101,20506,303,401,8.280612680841447
40,101,20511,308,404,14.837191540839465
40,101,20512,308,404,5.883631920147614
40,101,20515,305,412,340.25401936972156
40,101,20527,303,406,5.572168725837925
40,101,20528,303,410,30.148909601995104
40,101,20531,307,403,239.62993649055161
40,101,20538,306,407,10.457132651727726
40,101,20540,303,401,422.5877097688671
40,101,20549,307,403,206.84153043128035
40,101,20552,308,404,220.53159834086813
40,101,20554,305,412,10.27795612021203
40,101,20555,308,404,367.87208169392954
40,101,20561,303,401,1994.6906636020956
40,101,20567,303,406,8.842181782514725
40,101,20569,303,401,62.719409215741884
40,101,20575,308,404,5.653883349508998
40,101,20583,306,407,12057.15322465537
40,101,20584,306,407,6.9728857353041995
40,101,20587,306,407,108.22722927647236
40,101,20590,306,407,3.7959847657312173
40,101,20596,302,408,49.965653664808
40,101,20600,307,403,115.15063710417321
40,101,20604,307,403,204.48883310132337
40,101,20614,304,409,25.444329503843562
40,101,20616,306,407,10.727948823688003
40,101,20618,307,403,269.3927333484445
40,101,20624,302,408,1.8009312670929443
40,101,20625,302,408,10.794792559432219
40,101,20627,307,403,171.54746660007473
40,101,20628,303,401,62.51485946997385
40,101,20635,302,408,5.891949618328504
40,101,20636,306,407,257.9140933862743
40,101,20649,308,404,31.08252093408332
40,101,20653,305,412,108.68149466719524
40,101,20654,307,403,11.35501509780377
40,101,20655,306,407,2838.992977463626
40,101,20656,305,412,8.863515818683647
40,101,20657,303,410,20.390737370824905
40,101,20658,305,412,275.17414813107945
40,101,20661,302,408,1824.041309379056
40,101,20662,305,412,7.803331725936159
40,101,20664,307,403,200.18104690024808
40,101,20666,307,403,200.18104690024808
40,101,20668,304,409,6.6189150269769375
40,101,20672,302,408,1.0346566625501168
40,101,20674,308,404,213.4302822958799
40,101,20675,307,403,88.93992826738048
40,101,20678,303,401,246.85786271113915
40,101,20682,306,407,246.99166524346603
40,101,20683,302,408,1.8397730922001014
40,101,20687,307,403,14.541486484214603
40,101,20688,303,401,30.56653473226872
40,101,20692,308,404,191.77234897433638
40,101,20693,308,404,1564.7613194980586
40,101,20696,305,412,914.5306850915003
40,101,20699,306,407,368.74718805776524
40,101,20700,306,407,6.031871198041091
40,101,20701,302,408,88.99175945141236
40,101,20704,307,403,497.99614556640734
40,101,20707,306,407,8.391352493388956
40,101,20712,306,407,660.4364205702863
40,101,20714,305,412,25.262701531769306
40,101,20716,303,401,19.35223492090761
40,101,20717,303,401,18.359585295182814
40,101,20720,303,401,876.4049105609985
40,101,20722,306,407,169.2824904329712
40,101,20727,302,408,422.70633235188757
40,101,20729,306,407,12.123086728164774
40,101,20736,308,404,161.0093097286426
40,101,20738,305,412,12.880399835871394
40,101,20740,304,409,6.113574705274133
40,101,20742,308,404,6.3729247475986455
40,101,20743,305,412,5.423010656432795
40,101,20750,306,407,132.04784928260483
40,101,20759,302,408,176.9463102841851
40,101,20763,308,404,74.75097223969036
40,101,20764,305,412,274.67698655488255
40,101,20766,306,407,626.8736073607485
40,101,20768,308,404,978.9456919731048
40,101,20775,306,407,194.94808147403504
40,101,20777,308,404,164.71280170655265
40,101,20780,306,407,19.39333390542463
40,101,20782,303,406,13.31938592867508
40,101,20786,303,401,604.8904031383971
40,101,20797,305,412,8.088796215435364
40,101,20803,304,409,548.52362729263
40,101,20804,302,408,13.091568236624806
40,101,20808,306,407,1447.8692809299566
40,101,20820,306,407,12028.032726846432
40,101,20822,306,407,173.22628163911378
40,101,20828,305,412,605.6469452899661
40,101,20830,307,403,10.501531864999903
40,101,20840,303,401,371.6312763038592
40,101,20841,307,403,162.65571695785303
40,101,20842,308,404,4844.0269953842635
40,101,20846,302,408,13.3243415716053
40,101,20854,302,408,72.92418676980492
40,101,20855,306,407,3.730278980783
40,101,20859,306,407,3.453376207861533
40,101,20876,304,409,6.539897281586126
40,101,20877,308,404,4.296118622755465
40,101,20879,305,412,101.29839376811091
40,101,20882,306,407,7.954847369125423
40,101,20886,303,410,112.43193091275069
40,101,20892,306,407,157.17914237879683
40,101,20900,306,407,48.90301173276443
40,101,20911,301,405,23.175452450481824
40,101,20912,305,412,4.12054802340333
40,101,20915,304,409,4.436494634580993
40,101,20922,305,412,110.6286498495366
40,101,20929,308,404,7.270335906862157
40,101,20932,303,401,4299.511443231929
40,101,20934,305,412,6.573640726347591
40,101,20940,303,410,5.296385366304809
40,101,20953,302,408,707.0461225537068
40,101,20956,307,403,8.01571404450264
40,101,20964,306,407,2.1280345561268263
40,101,20973,306,407,4357.448012201626
40,101,20976,306,407,7.545301509010603
40,101,20978,305,412,5.399537370391297
40,101,20980,303,401,612.4325321229437
40,101,20981,304,409,124.47242453831743
40,101,20985,303,401,10.891041341177177
40,101,20992,303,411,68.5218825463577
40,101,20999,305,412,246.35723113959935
40,101,21000,301,405,20.010290429853427
40,101,21005,306,407,126.69271723722244
40,101,21023,306,407,513.1193879599808
40,101,21026,306,407,421.3815801773865
40,101,21028,306,407,11.952124375608891
40,101,21036,303,406,5.740585055164213
40,101,21038,308,404,1088.423390745588
40,101,21039,306,407,6.520971255661975
40,101,21043,306,407,9.963393621231805
40,101,21044,302,408,2.40934914603814
40,101,21046,302,408,11.684615716871287
40,101,21054,308,404,1246.313190114278
40,101,21057,303,401,10.960340145221691
40,101,21059,302,408,16.488266958878146
40,101,21062,302,408,184.39841353848868
40,101,21067,302,408,207.96851179005523
40,101,21068,305,412,243.6338951350171
40,101,21069,303,401,33.46213291121903
40,101,21081,307,403,82.49463977158652
40,101,21082,306,407,134.29600249457346
40,101,21084,306,407,7.909489188552431
40,101,21088,301,405,110.14164241611421
40,101,21090,302,408,124.731592911595
40,101,21100,302,408,157.61099853809046
40,101,21101,308,404,154.82610870688163
40,101,21103,306,407,835.6877654826811
40,101,21106,306,407,121.35274821874822
40,101,21109,302,408,898.0460450181583
40,101,21110,307,403,115.03266484715132
40,101,21111,303,410,8.490551601586398
40,101,21115,307,403,167.3289478389403
40,101,21121,305,412,4.54417235391803
40,101,21123,303,406,36.86270198383365
40,101,21124,307,403,7.312955380392464
40,101,21125,304,409,20.98599965626538
40,101,21127,302,408,1.23767890283257
40,101,21147,306,407,8.863985579367684
40,101,21149,304,409,22.559756379599307
40,101,21154,306,407,130.4530868508079
40,101,21157,308,404,75.54260474289426
40,101,21158,306,407,30.290589617031316
40,101,21160,306,407,530.8900670082346
40,101,21166,305,412,13.982099674330291
40,101,21168,308,404,14.899520338882581
40,101,21182,303,401,9.179500213646506
40,101,21183,307,403,3.9057085155538354
40,101,21184,303,401,55.36217450553405
40,101,21185,307,403,6.433373219669114
40,101,21188,303,410,38.215136467793634
40,101,21192,303,411,47.98470770205978
40,101,21195,302,408,288.4031279585467
40,101,21201,306,407,4.146228795771064
40,101,21215,303,401,269.0583847290202
40,101,21220,305,412,14.409032993846346
40,101,21221,306,407,17.536961597867712
40,101,21225,306,407,220.60350818226533
40,101,21236,303,410,8.649149055162521
40,101,21237,306,407,9.60594147032766
40,101,21238,308,404,2096.8716674291654
40,101,21239,306,407,3.4514770609610146
40,101,21240,302,408,47.74743349200822
40,101,21245,302,408,14.208366146012436
40,101,21249,307,403,9810.195331712612
40,101,21253,306,407,838.7229433687
40,101,21255,306,407,49.1748465912582
40,101,21260,301,405,286.01357305542706
40,101,21268,307,403,8.374813674580933
40,101,21274,305,412,445.7821979642407
40,101,21284,306,407,3.893868115559826
40,101,21285,306,407,34.73371956930634
40,101,21290,305,412,4242.521593031592
40,101,21292,303,410,7.807185197667479
40,101,21293,306,407,3.704449574557513
40,101,21296,304,409,9.546989373438239
40,101,21297,306,407,14.058740570722545
40,101,21304,302,408,3.0366000035688274
40,101,21306,306,407,8.397184587303325
40,101,21312,302,408,45.44201159384044
40,101,21314,308,404,5139.5064585573
40,101,21328,303,410,17.42324367871902
40,101,21329,308,404,162.10843865981215
40,101,21346,306,407,500.8336579158241
40,101,21354,308,404,162.10843865981215
40,101,21357,303,406,7.609059947890823
40,101,21358,306,407,1.3254961308769757
40,101,21363,305,412,51.617424354180024
40,101,21371,305,412,5.362724506516591
40,101,21379,305,412,39.77683237956926
40,101,21381,306,407,14.625681212653774
40,101,21386,306,407,26.291364643865915
40,101,21394,306,407,8708.684609310803
40,101,21398,308,404,208.86183299141769
40,101,21406,303,401,811.4159991658407
40,101,21409,303,410,11.236382604599665
40,101,21410,306,407,0.988852531050672
40,101,21415,305,412,781.08534875104
40,101,21416,308,404,154.77296021805745
40,101,21418,303,410,29.26484325892333
40,101,21420,307,403,296.6732499915087
40,101,21424,306,407,2324.861708115092
40,101,21425,307,403,10.184126896931122
40,101,21430,306,407,121.82315061110194
40,101,21431,302,408,224.6413463768147
40,101,21435,308,404,54.33141494828284
40,101,21437,302,408,92.16219632502471
40,101,21443,305,412,6.784467542269022
40,101,21444,307,403,30.991025566807746
40,101,21446,308,404,10.731166805314714
40,101,21456,306,407,10.697585555919051
40,101,21460,303,406,26.089082850160978
40,101,21465,302,408,1.3148952285987843
40,101,21467,306,407,674.2580425736719
40,101,21477,303,411,35.36635083214726
40,101,21484,305,412,318.95320578819207
40,101,21488,307,403,568.3274781162319
40,101,21490,306,407,174.1611731816991
40,101,21492,306,407,723.4379873250241
40,101,21496,307,403,140.90974156248527
40,101,21497,306,407,342.44964722361846
40,101,21502,302,408,2.147489188739159
40,101,21507,306,407,1523.1526397452842
40,101,21509,305,412,244.49059641948853
40,101,21521,306,407,5.759778167489724
40,101,21523,306,407,127.99095627108498
40,101,21527,306,407,41.26817428657278
40,101,21529,304,409,6.806382638632952
40,101,21531,302,408,16.4353393678305
40,101,21533,306,407,8.475302991838834
40,101,21543,307,403,57.2236940917157
40,101,21550,301,405,18.510772866343004
40,101,21555,303,410,7.016141490160514
40,101,21557,307,403,148.28607770562266
40,101,21558,302,408,4.486045316002206
40,101,21561,306,407,5.233967520614967
40,101,21573,306,407,12.078545972426037
40,101,21579,306,407,2.524541834429823
40,101,21583,305,412,14.004995848810056
40,101,21596,302,408,1.477702846013808
40,101,21597,302,408,105.1294742194957
40,101,21601,306,407,1797.2779911516168
40,101,21602,306,407,6.970142244946508
40,101,21605,303,401,14.602807203544018
40,101,21606,302,408,75.01800720837079
40,101,21607,306,407,127.99095627108498
40,101,21612,304,409,6.71676953269097
40,101,21619,306,402,9266.188947638293
40,101,21630,308,404,166.0296181238875
40,101,21631,302,408,2.384820397175773
40,101,21637,305,412,52.28438210630228
40,101,21640,303,401,7.5805128049876584
40,101,21642,303,401,32.96411397722616
40,101,21648,306,407,51.80772480145858
40,101,21651,308,404,65.16200561305415
40,101,21653,306,407,680.042653265701
40,101,21659,306,407,5.161699244264873
40,101,21667,307,403,148.28607770562266
40,101,21669,305,412,7.418996283207225
40,101,21681,302,408,98.5217256965738
40,101,21683,302,408,4.44086662453024
40,101,21684,304,409,22.49909875964063
40,101,21687,306,407,127.99095627108498
40,101,21690,303,401,9.006947560744438
40,101,21698,308,404,12.425490403417763
40,101,21703,305,412,99.40449838381808
40,101,21714,302,408,4.983983367985585
40,101,21715,302,408,613.4667988812499
40,101,21719,306,407,4.581967987164768
40,101,21730,302,408,2.063776593856144
40,101,21731,301,405,116.25777418078502
40,101,21735,306,407,3.8427553344182264
40,101,21737,307,403,15.97730664792094
40,101,21743,307,403,1766.611600187189
40,101,21745,303,401,7.594937297956811
40,101,21757,303,406,24.29400496770301
40,101,21764,302,408,19.994361917554848
40,101,21775,302,408,9.500495437976623
40,101,21777,302,408,145.76639242557576
40,101,21779,307,403,792.0859107380032
40,101,21780,306,407,11.047341618562053
40,101,21785,305,412,376.7255058529503
40,101,21787,302,408,11.596783979221957
40,101,21791,302,408,1.5665973467378331
40,101,21793,303,411,16.778020936384216
40,101,21794,306,407,1.016916261600491
40,101,21795,306,407,584.7414696142041
40,101,21807,303,410,7.715193451055772
40,101,21808,303,410,6.565707769854982
40,101,21809,307,403,2544.34126428015
40,101,21812,303,401,11.816992263232862
40,101,21814,306,407,754.8025528274659
40,101,21819,306,402,1299.1651422301836
40,101,21822,307,403,157.92718287603995
40,101,21823,302,408,79.51857466207416
40,101,21835,308,404,22.7082406845178
40,101,21839,307,403,682.2098244075434
40,101,21850,305,412,4.344180953717323
40,101,21851,303,401,12.759091547846435
40,101,21853,306,407,3.778463312592766
40,101,21855,302,408,13.696698916465074
40,101,21862,308,404,191.33486980770533
40,101,21864,302,408,2.652732613648744
40,101,21865,306,407,16.421567569379324
40,101,21867,301,405,66.13233989722652
40,101,21871,306,407,27.86022505500868
40,101,21878,305,412,60.79771774574907
40,101,21879,306,407,142.1180761840077
40,101,21883,306,407,4590.61763113005
40,101,21884,306,407,8.619794391104564
40,101,21895,308,404,1490.997784750488
40,101,21900,307,403,161.24480660618156
40,101,21903,305,412,679.8124726446008
40,101,21909,303,401,19.44239039820189
40,101,21911,306,407,298.91813344942807
40,101,21915,303,410,19.009371208802587
40,101,21916,305,412,274.91480034432686
40,101,21917,305,412,17.618278123451454
40,101,21922,306,407,124.46337320342666
40,101,21928,308,404,155.85043176470478
40,101,21951,307,403,136.67706235045884
40,101,21953,307,403,136.67706235045884
40,101,21961,308,404,4.641783554471605
40,101,21962,303,401,9.546131498680522
40,101,21964,303,410,18.443221334652655
40,101,21966,307,403,25.633306084006456
40,101,21969,303,410,123.61499598600811
40,101,21974,306,407,377.77621656246015
40,101,21977,307,403,6.603210922839613
40,101,21978,307,403,2023.386832863328
40,101,21986,301,405,40.57663961173408
40,101,21995,306,407,631.4172864055142
40,101,22007,302,408,1244.1201803778026
40,101,22008,308,404,137.48180297798484
40,101,22013,303,401,237.99800404475135
40,101,22015,304,409,321.50282170989016
40,101,22020,302,408,4.0677922331317715
40,101,22021,307,403,6.391189657913734
40,101,22025,306,407,2.790278382411829
40,101,22030,307,403,771.5801199020149
40,101,22035,305,412,98.92261179011774
40,101,22038,306,407,35.18523612434133
40,101,22040,304,409,416.34557178611817
40,101,22045,302,408,202.76449859758043
40,101,22046,305,412,408.8293086977121
40,101,22047,306,407,2.930473641484758
40,101,22048,306,407,1.5729719747951374
40,101,22053,306,407,8.998735230553999
40,101,22056,302,408,8.475776407335141
40,101,22058,302,408,79.4130920181785
40,101,22059,305,412,224.94446152411746
40,101,22075,307,403,113.19060491930765
40,101,22082,305,412,3.4753204182652633
40,101,22084,302,408,25.22287891873356
40,102,20002,303,406,28.30027529425392
40,102,20003,301,405,586.1337975009183
40,102,20006,307,403,37.88103822113937
40,102,20008,303,401,12.568772673200485
40,102,20011,303,401,77.82274809845956
40,102,20014,307,403,132.40080528538988
40,102,20016,303,401,203.844566576317
40,102,20020,305,412,6.681828483312368
40,102,20024,306,402,9.07440059208663
40,102,20025,302,408,96.81671079040733
40,102,20033,307,403,11.414602683018893
40,102,20038,307,403,31.655430070831134
40,102,20041,302,408,19.15461395860035
40,102,20044,308,404,6.812275965880841
40,102,20046,303,401,112.96284874038469
40,102,20049,302,408,107.66799767578885
40,102,20053,303,410,35.08381064630001
40,102,20055,304,409,21.897562032179174
40,102,20074,308,404,3.0632893680688986
40,102,20075,308,404,213.5722253787832
40,102,20076,303,401,11.627195272756808
40,102,20088,308,404,213.5722253787832
40,102,20089,307,403,12.143156881237852
40,102,20090,302,408,11.245140597835523
40,102,20091,308,404,937.42855158
40,102,20092,306,407,22.21151186615865
40,102,20093,306,407,441.80597175411873
40,102,20113,308,404,294.89374781119625
40,102,20118,305,412,54.43267469759876
40,102,20127,307,403,4.459384584987568
40,102,20134,305,412,174.19675828239446
40,102,20135,303,401,14.765179687791427
40,102,20145,306,407,2.75924850381493
40,102,20149,302,408,25.20436896588634
40,102,20150,304,409,7.784521610253028
40,102,20152,305,412,2.4803375643689796
40,102,20155,303,401,8.098864928115338
40,102,20160,303,410,4.7422465707978185
40,102,20164,306,407,2.1020460172907733
40,102,20165,305,412,203.038129121273
40,102,20168,302,408,17.78845274221023
40,102,20169,308,404,59.19430256867935
40,102,20172,306,407,10.901698681221365
40,102,20175,304,409,5.79857000307312
40,102,20182,303,401,94.1418346893236
40,102,20187,302,408,26.36171575478553
40,102,20189,305,412,60.03032813570281
40,102,20191,305,412,210.6946306298414
40,102,20192,308,404,320.821462630809
40,102,20198,303,401,66.54462843966569
40,102,20206,305,412,47.32537750916139
40,102,20221,306,407,340.1129223298906
40,102,20222,302,408,31.239942931393838
40,102,20224,307,403,3384.9803900430375
40,102,20226,303,401,349.77578513440034
40,102,20227,308,404,1182.0631870493771
40,102,20230,306,407,26.984143405375935
40,102,20251,303,406,47.775120538421895
40,102,20252,306,407,1328.6431607423442
40,102,20253,306,407,3948.4554472182103
40,102,20254,303,401,70.03451265290198
40,102,20258,306,407,222.26603233858356
40,102,20267,303,401,11.046111185613972
40,102,20271,306,407,4.3955468859855955
40,102,20272,308,404,325.78425989016176
40,102,20276,306,407,13.155484924310732
40,102,20278,305,412,173.42437023610756
40,102,20283,306,407,1886.8925317131402
40,102,20284,304,409,48.00806384744661
40,102,20285,305,412,1.0250791855939299
40,102,20291,306,407,167.65289743384713
40,102,20304,302,408,30.445451753514433
40,102,20312,306,407,20.310268976956113
40,102,20313,305,412,29.97482150273278
40,102,20316,301,405,57.99468245027779
40,102,20320,306,407,72.68500776721095
40,102,20321,302,408,617.7281795172436
40,102,20323,305,412,1023.5008356932334
40,102,20324,303,401,64.27580794965941
40,102,20328,306,407,14.438386892201672
40,102,20329,308,404,236.9682290640778
40,102,20337,302,408,928.7002789350437
40,102,20341,308,404,400.45904394951134
40,102,20344,308,404,367.7654416893855
40,102,20346,306,407,3995.9398841487264
40,102,20356,308,404,248.70682140344675
40,102,20366,302,408,263.5517757689853
40,102,20368,306,407,1964.3531449237812
40,102,20377,303,410,30.910538522076706
40,102,20387,305,412,166.05262096747543
40,102,20389,302,408,67.08814535793678
40,102,20394,303,406,16.088699732722755
40,102,20397,307,403,213.845676196687
40,102,20403,306,407,165.20406379780303
40,102,20404,303,401,10.708402345937385
40,102,20408,302,408,7.7463490333106515
40,102,20412,306,407,19.38451520481777
40,102,20413,306,407,279.02716375075926
40,102,20414,308,404,1509.456155056287
40,102,20416,301,405,6.542403994062731
40,102,20422,302,408,13.330032641439704
40,102,20424,306,407,5.917723356125557
40,102,20434,306,407,24.37440095681895
40,102,20438,304,409,7.312624053128571
40,102,20443,303,410,6.519725930995528
40,102,20447,304,409,48.1307726200436
40,102,20449,306,407,165.20406379780303
40,102,20457,305,412,1054.030348557345
40,102,20459,305,412,38.12377817290224
40,102,20461,303,406,10.933704737959491
40,102,20462,302,408,5.368214438742682
40,102,20463,304,409,33.09035318307352
40,102,20476,307,403,5.717508934859345
40,102,20480,307,403,31.09978278116641
40,102,20490,304,409,33.09035318307352
40,102,20492,307,403,756.1275133783455
40,102,20494,304,409,62.76283959377611
40,102,20501,306,407,5325.5828290431955
40,102,20502,305,412,27.67774402657793
40,102,20503,308,404,268.3689623659421
40,102,20504,307,403,787.1014779658905
40,102,20506,303,401,8.099579787244664
40,102,20512,308,404,4.277514183957908
40,102,20515,305,412,768.7275774878028
40,102,20528,303,410,35.960030732858414
40,102,20531,307,403,360.16496896702057
40,102,20540,303,401,164.34529296771615
40,102,20546,302,408,7.082899627326258
40,102,20549,307,403,236.85918393141097
40,102,20552,308,404,252.53600814688383
40,102,20554,305,412,3.9330236285938516
40,102,20555,308,404,2568.117568183868
40,102,20561,303,401,1092.6458032366454
40,102,20567,303,406,5.678109287751938
40,102,20569,303,401,68.23097528346875
40,102,20576,302,408,10.395068654802733
40,102,20583,306,407,3420.716211844052
40,102,20584,306,407,9.589479097632827
40,102,20587,306,407,105.26512565716179
40,102,20590,306,407,13.133380967781966
40,102,20596,302,408,83.61814068451436
40,102,20600,307,403,750.4286536820069
40,102,20604,307,403,234.16505394480095
40,102,20610,303,410,3.644137274378157
40,102,20614,304,409,34.28622627571668
40,102,20618,307,403,51.59833454540254
40,102,20620,302,408,2.6796345545422677
40,102,20627,307,403,26.85505303804048
40,102,20628,303,401,68.00845040923515
40,102,20636,306,407,171.85533160653833
40,102,20637,306,407,5.482271063668806
40,102,20649,308,404,10.212995990673207
40,102,20654,307,403,25.8699687623232
40,102,20655,306,407,1849.1480248487633
40,102,20656,305,412,9.191358774033917
40,102,20657,303,410,18.860508292248134
40,102,20658,305,412,280.49422503507515
40,102,20661,302,408,3885.2607096295314
40,102,20664,307,403,229.23210492817842
40,102,20666,307,403,229.23210492817842
40,102,20668,304,409,8.679089633697489
40,102,20674,308,404,244.40412128766448
40,102,20675,307,403,449.4679693980118
40,102,20683,302,408,58.65929678425214
40,102,20687,307,403,25.574423392075083
40,102,20688,303,401,10.713832033550098
40,102,20693,308,404,2746.075890197847
40,102,20696,305,412,337.5672858049152
40,102,20699,306,407,17.354100183830607
40,102,20700,306,407,4.741054794938318
40,102,20701,302,408,113.41346831752904
40,102,20702,305,412,2.726686289123828
40,102,20704,307,403,577.5099345768875
40,102,20707,306,407,49.52489249441327
40,102,20709,302,408,324.87045911255916
40,102,20712,306,407,229.37457253189334
40,102,20717,303,401,10.053917967419952
40,102,20720,303,401,564.5650607008473
40,102,20721,306,407,8.743265428901719
40,102,20722,306,407,213.89947127096858
40,102,20727,302,408,71.85648224312874
40,102,20736,308,404,186.44007332357074
40,102,20737,308,404,11.198211237221049
40,102,20738,305,412,6.669826393181876
40,102,20740,304,409,4.463718744038127
40,102,20743,305,412,2.787476117943731
40,102,20750,306,407,152.90426835541604
40,102,20759,302,408,452.0375807447501
40,102,20761,302,408,11.693738555417593
40,102,20763,308,404,469.21882557512345
40,102,20764,305,412,283.1224830110528
40,102,20766,306,407,1496.3528315703884
40,102,20768,308,404,145.41085040115317
40,102,20775,306,407,48.556559511774914
40,102,20777,308,404,190.7285167500938
40,102,20782,303,406,11.042380281718286
40,102,20786,303,401,261.4029678992263
40,102,20797,305,412,8.425699109638089
40,102,20803,304,409,597.2918364138455
40,102,20808,306,407,236.71674136682057
40,102,20814,301,405,578.9390631474447
40,102,20820,306,407,910.11033282344
40,102,20822,306,407,196.74216862201143
40,102,20830,307,403,10.598622339265669
40,102,20832,306,407,181.86403373724045
40,102,20834,302,408,12.887546076210354
40,102,20840,303,401,40.03336859774374
40,102,20841,307,403,184.73662420189208
40,102,20842,308,404,4289.184587622067
40,102,20854,302,408,93.9771400100662
40,102,20859,306,407,25.36761682172228
40,102,20875,302,408,81.74684043385771
40,102,20877,308,404,31.28378067721857
40,102,20879,305,412,174.87317466567987
40,102,20882,306,407,28.531099374953826
40,102,20886,303,410,33.28105191173737
40,102,20892,306,407,40.5348129410613
40,102,20900,306,407,236.62136849953967
40,102,20905,304,409,27.93374895927204
40,102,20911,301,405,11.899763822128747
40,102,20912,305,412,3.014759879474621
40,102,20914,302,408,40.524657765469726
40,102,20922,305,412,99.3590505827738
40,102,20926,308,404,19.22150383937966
40,102,20932,303,401,3220.372748504193
40,102,20934,305,412,181.50620364342802
40,102,20937,308,404,115.71101601221187
40,102,20940,303,410,8.573467028294269
40,102,20949,307,403,55.60384848413561
40,102,20953,302,408,817.0383717666549
40,102,20956,307,403,57.904565218601064
40,102,20960,306,407,13.621503848986846
40,102,20969,306,407,17.359529266392894
40,102,20973,306,407,7498.9156614359745
40,102,20976,306,407,5.984777795610189
40,102,20980,303,401,330.8491596366481
40,102,20981,304,409,236.86590013322143
40,102,20992,303,411,14.309857412090361
40,102,20998,302,408,33.39450105345895
40,102,21000,301,405,223.40671443421036
40,102,21003,306,407,5.016547699658611
40,102,21005,306,407,140.21525784956793
40,102,21023,306,407,148.90482580513236
40,102,21026,306,407,252.96894496614433
40,102,21028,306,407,10.619617627905269
40,102,21036,303,406,11.036625013493229
40,102,21037,308,404,172.6627319554296
40,102,21038,308,404,1592.9203633799864
40,102,21039,306,407,24.322689975988386
40,102,21046,302,408,25.998752474755907
40,102,21054,308,404,709.1753867526417
40,102,21055,303,401,10.510165156592949
40,102,21057,303,401,10.940836884144401
40,102,21067,302,408,9.102463835143391
40,102,21068,305,412,777.6509402020159
40,102,21077,303,410,5.81643016381211
40,102,21081,307,403,6.217536720489473
40,102,21082,306,407,603.6998389076757
40,102,21086,303,410,13.474583795748961
40,102,21088,301,405,67.84416745394307
40,102,21100,302,408,185.65499878826128
40,102,21101,308,404,171.3514654005899
40,102,21103,306,407,561.6159597664845
40,102,21109,302,408,727.2791410856165
40,102,21110,307,403,176.70195620204333
40,102,21111,303,410,9.613439152865705
40,102,21115,307,403,22.85725011857135
40,102,21117,306,407,134.30532751448717
40,102,21123,303,406,30.785022618879882
40,102,21124,307,403,2.953566685027139
40,102,21125,304,409,27.33061946790707
40,102,21126,307,403,10.305146333657
40,102,21154,306,407,144.37699031909344
40,102,21157,308,404,73.43467888516535
40,102,21158,306,407,26.951931565295133
40,102,21160,306,407,187.78828119870948
40,102,21166,305,412,2.698683149266375
40,102,21168,308,404,22.085908396769863
40,102,21173,308,404,65.51570477678528
40,102,21182,303,401,6.100083270254749
40,102,21183,307,403,2.2176198061500747
40,102,21184,303,401,58.74789982411389
40,102,21188,303,410,12.436070841252901
40,102,21192,303,411,15.193578270992449
40,102,21195,302,408,200.91556519301673
40,102,21201,306,407,15.368379300199965
40,102,21203,306,407,14.497814056751388
40,102,21215,303,401,85.21510013417736
40,102,21224,306,407,126.53604954310083
40,102,21225,306,407,269.46167199312373
40,102,21236,303,410,4.530599311451624
40,102,21238,308,404,3050.3735801151893
40,102,21240,302,408,50.26147439454639
40,102,21245,302,408,122.5993625139173
40,102,21249,307,403,4478.631856516199
40,102,21250,303,401,8.895116421354116
40,102,21253,306,407,374.63441970312545
40,102,21255,306,407,362.1359441105077
40,102,21260,301,405,1096.9815359727043
40,102,21268,307,403,6.248329702189402
40,102,21274,305,412,840.351733407211
40,102,21279,302,408,2.5585319225502228
40,102,21282,302,408,10.106975646726118
40,102,21284,306,407,15.834684288407395
40,102,21285,306,407,30.8510055071083
40,102,21289,303,401,5.689555568674404
40,102,21290,305,412,295.13032128210074
40,102,21292,303,410,56.168998631611565
40,102,21297,306,407,13.98044726143327
40,102,21306,306,407,35.949498866211975
40,102,21312,302,408,28.475825110447705
40,102,21314,308,404,2969.2204378851334
40,102,21326,307,403,17.427288472877184
40,102,21328,303,410,66.92193527305156
40,102,21329,308,404,181.07466675247554
40,102,21346,306,407,106.55946599978947
40,102,21347,303,401,4.611513916338781
40,102,21350,305,412,3.522660455726488
40,102,21354,308,404,181.07466675247554
40,102,21356,306,407,1.539006651760566
40,102,21357,303,406,13.89542208575542
40,102,21363,305,412,70.67004295039428
40,102,21379,305,412,83.86403862028554
40,102,21381,306,407,28.01747548213458
40,102,21386,306,407,9.502898583032389
40,102,21390,306,407,8.738106660510955
40,102,21394,306,407,9452.84057579723
40,102,21398,308,404,203.48995520961114
40,102,21406,303,401,189.83017711042248
40,102,21409,303,410,6.3454455945334525
40,102,21415,305,412,324.804723175255
40,102,21416,308,404,172.88095811342004
40,102,21420,307,403,907.7584957082182
40,102,21424,306,407,2720.3598438346935
40,102,21430,306,407,300.93384005081157
40,102,21431,302,408,656.6440258325133
40,102,21435,308,404,516.9651377922745
40,102,21437,302,408,284.3543108937314
40,102,21442,302,408,13.179968919760341
40,102,21444,307,403,47.88639942000822
40,102,21446,308,404,63.13538074530637
40,102,21449,303,401,15.291083577746278
40,102,21452,303,406,49.09665568427847
40,102,21456,306,407,7.616930003440051
40,102,21460,303,406,13.98776250939866
40,102,21467,306,407,214.14338902113224
40,102,21477,303,411,17.672315045664053
40,102,21484,305,412,87.53647583148177
40,102,21488,307,403,742.7103432632143
40,102,21490,306,407,780.5972922188608
40,102,21492,306,407,317.1935553176148
40,102,21496,307,403,157.39578214770546
40,102,21502,302,408,253.98145541781477
40,102,21507,306,407,866.4272498064383
40,102,21511,306,407,22.513212099653053
40,102,21517,306,407,16.436048758975986
40,102,21518,305,412,4.842123651143332
40,102,21523,306,407,142.9655355743233
40,102,21527,306,407,808.3091922517999
40,102,21529,304,409,54.95682208060509
40,102,21537,306,407,33.49897279295888
40,102,21548,306,407,12.656622082449822
40,102,21550,301,405,32.20123253168333
40,102,21555,303,410,10.949151402330909
40,102,21557,307,403,165.6351287234613
40,102,21558,302,408,2.6989074890219733
40,102,21561,306,407,17.910944213403702
40,102,21562,306,407,6.001872422457018
40,102,21576,302,408,191.51805748661008
40,102,21577,302,408,47.601567574237095
40,102,21592,307,403,8.8716455051815
40,102,21596,302,408,475.22106167422805
40,102,21597,302,408,297.1726941736656
40,102,21601,306,407,3748.748617680398
40,102,21606,302,408,92.96454380048009
40,102,21612,304,409,7.310653934186209
40,102,21619,306,402,1997.1823323461063
40,102,21625,302,408,4.663130570081964
40,102,21630,308,404,185.45461310569468
40,102,21648,306,407,22.23279682618741
40,102,21653,306,407,1.0194800844315624
40,102,21657,306,407,2.2708481681676567
40,102,21662,302,408,6.449165001687955
40,102,21664,307,403,8.8716455051815
40,102,21667,307,403,165.6351287234613
40,102,21681,302,408,313.7463948008178
40,102,21684,304,409,29.572863826868417
40,102,21687,306,407,142.9655355743233
40,102,21690,303,401,8.219839312104043
40,102,21691,301,405,4.6377229587902145
40,102,21698,308,404,54.21570727554294
40,102,21703,305,412,97.92352562294177
40,102,21712,306,407,23.492902320154574
40,102,21713,305,412,262.03799663779444
40,102,21715,302,408,702.3895117340479
40,102,21727,306,407,145.6797018251689
40,102,21731,301,405,86.537143746432
40,102,21737,307,403,28.941293451561624
40,102,21739,306,407,19.12066631408975
40,102,21743,307,403,953.2921819075564
40,102,21745,303,401,7.859556570152231
40,102,21757,303,406,37.94598146173927
40,102,21768,307,403,17.35052996783562
40,102,21775,302,408,6.120836251040717
40,102,21777,302,408,163.05919263652697
40,102,21779,307,403,1635.721809657652
40,102,21785,305,412,183.64859731985146
40,102,21789,306,407,3.663984301165181
40,102,21793,303,411,5.564165821007588
40,102,21795,306,407,295.43860539150336
40,102,21801,301,405,52.41718894460498
40,102,21807,303,410,7.679041115289088
40,102,21809,307,403,1068.2220180825268
40,102,21814,306,407,1044.1499612236485
40,102,21819,306,402,166.58046128597704
40,102,21820,306,407,2.2470014882901967
40,102,21822,307,403,176.40421588691484
40,102,21823,302,408,110.67375455669044
40,102,21830,305,412,3.0546016096900233
40,102,21839,307,403,567.2310346850924
40,102,21842,305,412,5.845903517877322
40,102,21855,302,408,30.854864220115715
40,102,21862,308,404,213.7205075502803
40,102,21867,301,405,91.4864894756016
40,102,21871,306,407,4.041015209631217
40,102,21875,302,408,837.3214863546172
40,102,21879,306,407,158.74548849690302
40,102,21883,306,407,2250.5015881820773
40,102,21884,306,407,20.466475800475006
40,102,21888,306,407,4.9744394318037335
40,102,21892,303,410,21.341801676261248
40,102,21895,308,404,1147.1878647633505
40,102,21900,307,403,180.10999219511896
40,102,21902,308,404,312.10614320434564
40,102,21903,305,412,424.0281902533867
40,102,21909,303,401,12.912318413949336
40,102,21911,306,407,66.01267772307624
40,102,21915,303,410,38.62282729883509
40,102,21916,305,412,282.7065220988855
40,102,21920,305,412,8.303138418460193
40,102,21922,306,407,139.0252352808984
40,102,21926,305,412,3.504583723388227
40,102,21928,308,404,174.08449077869892
40,102,21951,307,403,152.6678914584602
40,102,21953,307,403,152.6678914584602
40,102,21955,303,410,42.23164556146306
40,102,21961,308,404,23.028175637175966
40,102,21964,303,410,26.65562855130734
40,102,21969,303,410,205.50787571145034
40,102,21974,306,407,67.9373739841195
40,102,21977,307,403,26.690323091642846
40,102,21978,307,403,2797.222211751048
40,102,21979,306,407,11.396225555962616
40,102,21986,301,405,105.30981457391506
40,102,21992,307,403,19.9115578626098
40,102,21995,306,407,1810.410316959679
40,102,22002,305,412,273.12577918511477
40,102,22005,308,404,28.83601607841553
40,102,22007,302,408,1832.506495981137
40,102,22008,308,404,176.7557836859566
40,102,22013,303,401,6.302558053280232
40,102,22015,304,409,199.95362651561865
40,102,22025,306,407,26.91678116333564
40,102,22030,307,403,1658.6678466209207
40,102,22035,305,412,85.62804690509643
40,102,22038,306,407,68.46114609579585
40,102,22040,304,409,383.54273664160996
40,102,22045,302,408,167.12794217237888
40,102,22046,305,412,579.6245758751558
40,102,22047,306,407,12.369856030525382
40,102,22048,306,407,10.635319229041658
40,102,22052,302,408,21.962548690822008
40,102,22056,302,408,554.052051090042
40,102,22058,302,408,44.6996225912602
40,102,22059,305,412,78.26551125489479
40,102,22061,306,407,4.055539206262853
40,102,22075,307,403,131.67177289509522
40,102,22084,302,408,193.8030967697888
40,103,20002,303,406,111.98738110826496
40,103,20003,301,405,21.476299391491757
40,103,20006,307,403,5.366777996361397
40,103,20011,303,401,70.38886633341905
40,103,20014,307,403,7.815773731095983
40,103,20016,303,401,173.83900546861818
40,103,20024,306,402,2687.525107431007
40,103,20025,302,408,87.56846399262743
40,103,20033,307,403,40.83202944062534
40,103,20038,307,403,4.271822937723974
40,103,20041,302,408,39.568937691260025
40,103,20046,303,401,79.83246130044877
40,103,20049,302,408,7.790995966260065
40,103,20075,308,404,158.78213073600637
40,103,20076,303,401,9.199225285393261
40,103,20086,303,401,10.017084743426823
40,103,20088,308,404,158.78213073600637
40,103,20089,307,403,47.63302809052456
40,103,20091,308,404,6.658338963160831
40,103,20093,306,407,214.54521931658877
40,103,20099,302,408,26.03482913619461
40,103,20113,308,404,358.49280812818904
40,103,20118,305,412,26.94626517433333
40,103,20119,305,412,234.6021654824115
40,103,20123,306,407,1510.8566804792524
40,103,20127,307,403,2.0779157560980495
40,103,20134,305,412,153.11083238610144
40,103,20135,303,401,10.337078272566657
40,103,20142,306,407,21.603722592691497
40,103,20145,306,407,34.51414443750346
40,103,20147,307,403,55.702872464480805
40,103,20150,304,409,17.303683059800075
40,103,20152,305,412,1265.8011521902033
40,103,20155,303,401,5.272939240588624
40,103,20160,303,410,14.656197829579328
40,103,20161,302,408,7.371240603061456
40,103,20164,306,407,6.768366018635994
40,103,20165,305,412,139.23122945486838
40,103,20169,308,404,10.037104490730757
40,103,20172,306,407,14.839003103446329
40,103,20175,304,409,601.8276287923823
40,103,20178,307,403,14.030723708697916
40,103,20182,303,401,438.73029901975707
40,103,20187,302,408,20.108621575067016
40,103,20189,305,412,4.724703669148939
40,103,20191,305,412,144.48159362525683
40,103,20192,308,404,600.3174483942337
40,103,20198,303,401,60.188069310024524
40,103,20206,305,412,647.7614588211896
40,103,20213,305,412,11.811445499752907
40,103,20221,306,407,651.3191939378571
40,103,20222,302,408,27.406698494808854
40,103,20224,307,403,7921.396636013801
40,103,20225,303,411,11.680173971148799
40,103,20226,303,401,50.53818724352695
40,103,20227,308,404,996.5516646837796
40,103,20238,302,408,29.724974719287367
40,103,20246,304,409,28.332369186125046
40,103,20251,303,406,61.550525285955835
40,103,20252,306,407,1928.8813722545267
40,103,20253,306,407,13821.341442235433
40,103,20254,303,401,63.34458844365638
40,103,20258,306,407,165.24561722558317
40,103,20259,306,407,18.27117324523048
40,103,20267,303,401,13.40082625337512
40,103,20272,308,404,249.90328937605648
40,103,20278,305,412,13.080899125689553
40,103,20283,306,407,5106.2990122202145
40,103,20284,304,409,63.644812737293776
40,103,20291,306,407,124.64300651172549
40,103,20297,306,407,11.091919614961506
40,103,20310,302,408,207.9299105471699
40,103,20313,305,412,824.5689111098366
40,103,20316,301,405,8.618107633485263
40,103,20320,306,407,93.20509726524187
40,103,20321,302,408,1125.2259289083447
40,103,20323,305,412,303.9463125203743
40,103,20324,303,401,58.13597392522103
40,103,20329,308,404,176.17609340727594
40,103,20337,302,408,2700.2033639290175
40,103,20341,308,404,555.9334391653891
40,103,20344,308,404,2.8557954844892848
40,103,20346,306,407,6739.102224111933
40,103,20351,305,412,4.226139560585308
40,103,20352,305,412,3.590358155550799
40,103,20355,303,401,5.4433377665515215
40,103,20356,308,404,184.90325210115884
40,103,20358,302,408,69.72478095483167
40,103,20359,305,412,180.45289690541378
40,103,20366,302,408,358.36284807000817
40,103,20368,306,407,1519.892014659833
40,103,20387,305,412,87.3181195858634
40,103,20389,302,408,33.382893972008766
40,103,20390,303,401,5.490773835025346
40,103,20394,303,406,33.99045432223543
40,103,20403,306,407,122.82239982066596
40,103,20404,303,401,24.487432447052957
40,103,20412,306,407,26.722474226855674
40,103,20413,306,407,170.83970204220137
40,103,20414,308,404,2002.7717447105367
40,103,20415,305,412,1.6830299793305465
40,103,20422,302,408,15.264034055050313
40,103,20434,306,407,20.25727426248214
40,103,20438,304,409,93.6720276112283
40,103,20447,304,409,7.58014681432113
40,103,20449,306,407,122.82239982066596
40,103,20456,304,409,30.337302786094043
40,103,20457,305,412,687.8189997183456
40,103,20459,305,412,6.015166114652057
40,103,20461,303,406,37.977868665948954
40,103,20464,307,403,22.732392916386786
40,103,20465,302,408,18.106499806878723
40,103,20479,302,408,3.2581916870618537
40,103,20480,307,403,4.354055821834203
40,103,20492,307,403,256.08005772805797
40,103,20494,304,409,92.15121407648688
40,103,20501,306,407,5482.301308602541
40,103,20503,308,404,199.5212420168404
40,103,20504,307,403,297.1407077294406
40,103,20515,305,412,18.910579223294963
40,103,20527,303,406,2.165326480648087
40,103,20531,307,403,341.4330685297881
40,103,20540,303,401,294.9524261879046
40,103,20547,305,412,1.9071748383036826
40,103,20549,307,403,176.09502285383428
40,103,20551,306,407,234.7751687803251
40,103,20554,305,412,7.549985911939599
40,103,20555,308,404,538.287848061358
40,103,20556,306,407,3.3027315643179906
40,103,20561,303,401,1329.4944493095318
40,103,20565,305,412,6.253034683139742
40,103,20567,303,406,19.217546774662875
40,103,20568,306,407,12.536405185027853
40,103,20569,303,401,61.71333082392096
40,103,20573,306,407,7.919137072643345
40,103,20575,308,404,2.5212350115587414
40,103,20581,305,412,3.082181371182605
40,103,20582,302,408,2493.193801254773
40,103,20583,306,407,16298.780817827104
40,103,20587,306,407,49.5578673911859
40,103,20589,303,401,12.9836229457342
40,103,20593,303,401,11.65659181054493
40,103,20596,302,408,108.88650986664459
40,103,20600,307,403,31.962780399998525
40,103,20604,307,403,174.092048454916
40,103,20608,302,408,2.037012221737698
40,103,20614,304,409,31.43368165834546
40,103,20617,307,403,23.82698532002261
40,103,20618,307,403,1316.7236615255251
40,103,20625,302,408,1.3261813112519696
40,103,20627,307,403,16.308902102717294
40,103,20628,303,401,61.51206224871628
40,103,20636,306,407,234.43559185546698
40,103,20649,308,404,6.732470618999434
40,103,20653,305,412,163.100478481901
40,103,20654,307,403,8.858352747494113
40,103,20655,306,407,3177.762418611016
40,103,20657,303,410,19.965726049736475
40,103,20661,302,408,6703.386191594984
40,103,20662,305,412,5.786043106782733
40,103,20664,307,403,170.42460455259095
40,103,20666,307,403,170.42460455259095
40,103,20674,308,404,181.70437223234495
40,103,20675,307,403,2.94603425279285
40,103,20678,303,401,46.9374581806469
40,103,20683,302,408,1638.6728500944314
40,103,20684,303,401,879.0205476011423
40,103,20687,307,403,487.2871166448421
40,103,20693,308,404,2091.1851157269452
40,103,20694,305,412,2.2380578952947685
40,103,20696,305,412,408.40666449103804
40,103,20699,306,407,11.271808001326244
40,103,20701,302,408,102.57984531350705
40,103,20702,305,412,4.589205630516819
40,103,20703,302,408,463.5587289239837
40,103,20704,307,403,1008.459955160387
40,103,20707,306,407,47.586795855732795
40,103,20709,302,408,116.22032296473272
40,103,20712,306,407,207.6244253529494
40,103,20714,305,412,17.172640371081
40,103,20717,303,401,4.925725614809411
40,103,20720,303,401,1185.819246345105
40,103,20722,306,407,48.02043268580899
40,103,20727,302,408,1445.0533384344703
40,103,20730,302,408,132.98786807972425
40,103,20737,308,404,7.240592626521069
40,103,20738,305,412,11.758639987206381
40,103,20740,304,409,5.42093091964055
40,103,20743,305,412,3.463344776772867
40,103,20750,306,407,113.6780097929108
40,103,20759,302,408,3799.460993579031
40,103,20763,308,404,26.951955237500272
40,103,20764,305,412,194.14822017198077
40,103,20766,306,407,1100.5289648098856
40,103,20768,308,404,5.261648313311539
40,103,20775,306,407,57.273350333290246
40,103,20777,308,404,141.7987766339325
40,103,20782,303,406,26.72399578931634
40,103,20786,303,401,551.9148790370272
40,103,20789,302,408,527.4254806877229
40,103,20797,305,412,10.855353892918052
40,103,20803,304,409,724.7959274385669
40,103,20808,306,407,745.4516438571374
40,103,20820,306,407,100.49933956146224
40,103,20822,306,407,146.2696784847427
40,103,20825,308,404,39.189508441909645
40,103,20840,303,401,160.92741189727155
40,103,20841,307,403,136.4134319686841
40,103,20842,308,404,4884.419320401104
40,103,20854,302,408,85.0001382397404
40,103,20877,308,404,4.252893837160783
40,103,20879,305,412,32.70301252812851
40,103,20886,303,410,121.49994556170614
40,103,20892,306,407,53.63641985813766
40,103,20897,306,407,187.90326750886513
40,103,20900,306,407,146.84224875003565
40,103,20905,304,409,25.609717594723627
40,103,20911,301,405,12.431929982373234
40,103,20914,302,408,621.4967060125732
40,103,20915,304,409,5.791852889230284
40,103,20922,305,412,14.816135911337367
40,103,20925,306,407,873.5349867564478
40,103,20932,303,401,5430.2322643621255
40,103,20934,305,412,5.16522395792921
40,103,20937,308,404,33.03937472481565
40,103,20940,303,410,8.216573943506067
40,103,20949,307,403,5.818129689912013
40,103,20951,302,408,77.19813257278409
40,103,20953,302,408,2818.3849013724357
40,103,20956,307,403,15.262681614457618
40,103,20973,306,407,14632.060325891343
40,103,20980,303,401,1107.6427540757543
40,103,20981,304,409,201.3226786899075
40,103,20985,303,401,16.14738993297979
40,103,20988,303,401,5.091605074904714
40,103,20992,303,411,37.06263607458101
40,103,21000,301,405,62.54801018227149
40,103,21001,305,412,6.30726898481445
40,103,21005,306,407,104.2442544369567
40,103,21023,306,407,77.18445373863848
40,103,21026,306,407,146.31386713363622
40,103,21036,303,406,18.885684357591106
40,103,21037,308,404,128.36761161222884
40,103,21038,308,404,2250.4387738387913
40,103,21043,306,407,2.8328075416785157
40,103,21046,302,408,1.5045138098412179
40,103,21054,308,404,1032.7735842711597
40,103,21067,302,408,130.26479597983865
40,103,21068,305,412,61.08363672202597
40,103,21069,303,401,24.484242939648944
40,103,21075,303,401,13.020847319498799
40,103,21081,307,403,14.311690483533852
40,103,21082,306,407,105.43518759444355
40,103,21088,301,405,185.9463539571296
40,103,21100,302,408,522.1912816896792
40,103,21101,308,404,127.39273907357806
40,103,21103,306,407,2216.6329682589153
40,103,21106,306,407,99.85046526591076
40,103,21109,302,408,2515.696227086522
40,103,21110,307,403,14.409098008414844
40,103,21111,303,410,15.442489828549274
40,103,21113,306,407,3.2239023412398344
40,103,21115,307,403,13.96406302697828
40,103,21123,303,406,106.69617995529318
40,103,21125,304,409,25.056767256069595
40,103,21130,305,412,173.35176719413826
40,103,21143,303,401,5.459590710955591
40,103,21144,303,401,57.33018164614713
40,103,21151,306,407,6002.4952312571395
40,103,21153,303,401,4.015943633932042
40,103,21154,306,407,107.33833068162052
40,103,21157,308,404,1.7392716351939006
40,103,21158,306,407,772.0942108319819
40,103,21160,306,407,327.9570605037323
40,103,21168,308,404,40.7178788095867
40,103,21173,308,404,11.169553416831365
40,103,21180,303,401,6.132714142856797
40,103,21182,303,401,4.599158953992648
40,103,21183,307,403,3.096481561692232
40,103,21184,303,401,52.776068290391486
40,103,21185,307,403,54.38464654403124
40,103,21188,303,410,30.164924734089112
40,103,21192,303,411,31.13410748338821
40,103,21195,302,408,559.806762043326
40,103,21211,303,401,9.009812349528687
40,103,21214,306,407,12.007311857610324
40,103,21215,303,401,89.93369058144383
40,103,21224,306,407,94.0743279035307
40,103,21225,306,407,78.80028516804423
40,103,21228,302,408,61.74196884710668
40,103,21235,306,407,94.0743279035307
40,103,21236,303,410,12.885387156689108
40,103,21238,308,404,4707.161181971838
40,103,21240,302,408,36.79890056506514
40,103,21245,302,408,71.92728277787691
40,103,21249,307,403,10879.848604609151
40,103,21250,303,401,4.870845699690862
40,103,21252,306,407,172.99225945806865
40,103,21253,306,407,3941.7197287902954
40,103,21255,306,407,177.13010346747413
40,103,21256,306,407,11.096467118958097
40,103,21260,301,405,715.9721036091421
40,103,21268,307,403,9.681807730300259
40,103,21269,303,401,6.493136326374818
40,103,21274,305,412,801.2118572766761
40,103,21285,306,407,12.706141340098588
40,103,21290,305,412,28.711663914078343
40,103,21292,303,410,9.555678356240076
40,103,21296,304,409,6.377150088033833
40,103,21312,302,408,618.133804765522
40,103,21314,308,404,2901.2825637301517
40,103,21321,306,407,101.71872501508781
40,103,21328,303,410,13.231890421003122
40,103,21329,308,404,128.77503867808915
40,103,21331,306,407,6.859972418372059
40,103,21346,306,407,127.97379563765286
40,103,21350,305,412,4.269827580688308
40,103,21357,303,406,11.333497276465955
40,103,21363,305,412,7.895119453207115
40,103,21369,306,407,93.03101528211648
40,103,21371,305,412,4.998170084086691
40,103,21379,305,412,31.00342637080179
40,103,21386,306,407,9.1062717724282
40,103,21394,306,407,8470.242427455589
40,103,21398,308,404,197.41752902590306
40,103,21405,305,412,162.89048584361197
40,103,21406,303,401,1082.6040881590052
40,103,21409,303,410,21.406679867979005
40,103,21412,302,408,2.769036313013556
40,103,21415,305,412,520.5164144026004
40,103,21420,307,403,295.8373717748099
40,103,21424,306,407,4597.861387688681
40,103,21425,307,403,13.805368927715598
40,103,21430,306,407,103.12821673765669
40,103,21431,302,408,1530.1926353288673
40,103,21435,308,404,176.07721488094953
40,103,21437,302,408,910.3689426819014
40,103,21444,307,403,4.654479062706215
40,103,21446,308,404,12.534662652042838
40,103,21450,302,408,78.84798944390113
40,103,21452,303,406,44.11363462353396
40,103,21456,306,407,2094.437489470216
40,103,21459,306,407,285.9304736217443
40,103,21460,303,406,48.151024847344665
40,103,21467,306,407,184.09329122317808
40,103,21472,306,407,11.264359913878357
40,103,21477,303,411,36.00372483950252
40,103,21478,302,408,6.711627657858489
40,103,21484,305,412,468.94958547163867
40,103,21488,307,403,457.3722697350857
40,103,21490,306,407,493.19739766869327
40,103,21491,305,412,2.617823475747238
40,103,21492,306,407,655.9293243557814
40,103,21502,302,408,179.0319034532373
40,103,21507,306,407,645.1375204246024
40,103,21523,306,407,98.00407864043922
40,103,21527,306,407,2.9494661600208425
40,103,21529,304,409,245.33055316865043
40,103,21542,306,407,3.1885476749035417
40,103,21543,307,403,44.97358901305992
40,103,21545,306,407,607.2686316214784
40,103,21550,301,405,60.28838119996638
40,103,21555,303,410,16.84085721783037
40,103,21557,307,403,113.54427565932062
40,103,21562,306,407,4102.369676681872
40,103,21576,302,408,153.80450430475835
40,103,21577,302,408,99.91980033697789
40,103,21583,305,412,7.3483876545511295
40,103,21586,302,408,80.5150513222675
40,103,21592,307,403,8.879370928176376
40,103,21596,302,408,709.2174396360483
40,103,21597,302,408,382.408272420359
40,103,21598,305,412,3.2354301556110068
40,103,21601,306,407,1316.536887792239
40,103,21606,302,408,80.5150513222675
40,103,21607,306,407,98.00407864043922
40,103,21619,306,402,27881.956191487643
40,103,21630,308,404,127.13069911589967
40,103,21637,305,412,5.241461490696573
40,103,21648,306,407,3.6925014528086333
40,103,21664,307,403,8.879370928176376
40,103,21667,307,403,113.54427565932062
40,103,21675,305,412,52.32850632360586
40,103,21681,302,408,619.0653253582791
40,103,21683,302,408,248.4498712224879
40,103,21684,304,409,25.96158903044811
40,103,21687,306,407,98.00407864043922
40,103,21690,303,401,5.0219417776352016
40,103,21698,308,404,10.84895895466282
40,103,21703,305,412,110.84210731230641
40,103,21713,305,412,171.88598504642212
40,103,21715,302,408,4340.24376961901
40,103,21716,307,403,7.381606573667717
40,103,21721,302,408,3.3790026167320533
40,103,21727,306,407,99.86466246312433
40,103,21731,301,405,286.25228143051305
40,103,21737,307,403,227.42014009622363
40,103,21743,307,403,1730.5878256042552
40,103,21757,303,406,289.714738595375
40,103,21764,302,408,4.500386454601645
40,103,21765,304,409,27.40322234694583
40,103,21768,307,403,7.352430006291142
40,103,21775,302,408,14.400243509332558
40,103,21777,302,408,199.13081276432393
40,103,21779,307,403,1318.3612860862809
40,103,21785,305,412,16.82838829565139
40,103,21793,303,411,13.952203919719178
40,103,21795,306,407,135.87520528736016
40,103,21796,305,412,203.16669539739405
40,103,21801,301,405,23.49113566387382
40,103,21807,303,410,10.708727521069635
40,103,21808,303,410,3.552717830960849
40,103,21809,307,403,3422.8989822716017
40,103,21814,306,407,398.57033859186294
40,103,21819,306,402,4437.024607618884
40,103,21822,307,403,118.57755281291526
40,103,21823,302,408,95.85270538501744
40,103,21839,307,403,325.35058817928694
40,103,21855,302,408,290.92700396823057
40,103,21862,308,404,143.66127614258605
40,103,21865,306,407,11.458753468226034
40,103,21867,301,405,79.23493295714003
40,103,21871,306,407,14.18976049500128
40,103,21873,303,401,4.439638186529968
40,103,21875,302,408,1243.0696944308247
40,103,21878,305,412,30.077284539354743
40,103,21879,306,407,106.70749251322088
40,103,21883,306,407,1111.86533020414
40,103,21887,302,408,4.383592345946458
40,103,21892,303,410,1.58428483445512
40,103,21895,308,404,1382.4658849835469
40,103,21898,306,407,7.231651000920512
40,103,21900,307,403,121.06854705412216
40,103,21902,308,404,2.182668843250256
40,103,21903,305,412,371.61565849471873
40,103,21911,306,407,568.3422511137567
40,103,21915,303,410,23.048380122178035
40,103,21916,305,412,180.87995059042632
40,103,21928,308,404,117.01825149379455
40,103,21951,307,403,102.62217867773091
40,103,21953,307,403,102.62217867773091
40,103,21954,302,408,80.85296096736434
40,103,21959,305,412,3.6218168697877338
40,103,21960,303,401,4.373489244511092
40,103,21961,308,404,2.3734555483718696
40,103,21962,303,401,6.562542314644849
40,103,21964,303,410,72.4286184420342
40,103,21969,303,410,156.47620891488947
40,103,21974,306,407,123.3048652579249
40,103,21977,307,403,2.8862149222276665
40,103,21978,307,403,2647.6442147770135
40,103,21986,301,405,228.30549148963786
40,103,21994,303,401,2.864467443089589
40,103,21995,306,407,1376.2359874914084
40,103,22004,303,401,41.72007003461776
40,103,22007,302,408,5022.049658663753
40,103,22008,308,404,108.28051213552901
40,103,22015,304,409,441.65752682441547
40,103,22021,307,403,6.070611603715111
40,103,22030,307,403,1377.2652563837844
40,103,22035,305,412,37.444834448690976
40,103,22040,304,409,692.8221936364417
40,103,22045,302,408,628.4167477877619
40,103,22046,305,412,256.61428005486107
40,103,22047,306,407,3.148265594848822
40,103,22050,308,404,37.65622680524908
40,103,22052,302,408,13.587971746821342
40,103,22058,302,408,203.38028225803052
40,103,22059,305,412,111.08002742530462
40,103,22061,306,407,18.442216337511322
40,103,22071,303,410,9.529171252816624
40,103,22075,307,403,86.84186118497095
40,103,22083,303,401,2400.3502209829667
40,103,22084,302,408,33.07232662376648
40,105,20002,303,406,6.0744850167563085
40,105,20003,301,405,2855.7865509626677
40,105,20004,303,401,53.753127632055595
40,105,20006,307,403,121.39373748860821
40,105,20011,303,401,53.753127632055595
40,105,20014,307,403,190.19452932980707
40,105,20016,303,401,5.957702726486616
40,105,20024,306,402,1766.1288715045998
40,105,20025,302,408,51.8397179284528
40,105,20030,307,403,5.6869962158938065
40,105,20032,303,401,85.04368025821516
40,105,20038,307,403,172.97851938471342
40,105,20041,302,408,39.53751735921884
40,105,20044,308,404,26.950504183824005
40,105,20046,303,401,61.485221465374835
40,105,20047,308,404,136.96262935190776
40,105,20055,304,409,72.92052498274356
40,105,20069,306,407,3320.7112348539504
40,105,20073,302,408,45.50907284429647
40,105,20074,308,404,64.75256567602474
40,105,20084,302,408,45.50907284429647
40,105,20088,308,404,149.59120821497314
40,105,20089,307,403,89.64328271048284
40,105,20091,308,404,1523.9209727306156
40,105,20093,306,407,3052.612813639247
40,105,20099,302,408,29.69343354305473
40,105,20113,308,404,24.80933035470133
40,105,20118,305,412,5.539960816948929
40,105,20119,305,412,1051.4508942973962
40,105,20123,306,407,84.6636679264146
40,105,20127,307,403,733.1614542744087
40,105,20134,305,412,17.47560750574924
40,105,20142,306,407,206.31370549822603
40,105,20145,306,407,45.32351329370724
40,105,20150,304,409,271.3101127814541
40,105,20152,305,412,580.7756111045159
40,105,20153,306,407,1102.15699703138
40,105,20158,302,408,14.25002411018747
40,105,20160,303,410,2.102111769457914
40,105,20161,302,408,49.78236917109071
40,105,20163,302,408,21.7040206030523
40,105,20164,306,407,15.997282115318686
40,105,20165,305,412,156.20279194109017
40,105,20169,308,404,37.61631222969526
40,105,20175,304,409,56.29800483589705
40,105,20178,307,403,13.29424630463379
40,105,20182,303,401,20.558795194024942
40,105,20192,308,404,1512.240244725378
40,105,20198,303,401,45.184265190629745
40,105,20206,305,412,2774.136895184704
40,105,20213,305,412,24.251310978818868
40,105,20218,302,408,701.8981846458739
40,105,20221,306,407,38.26851562364981
40,105,20224,307,403,421.7233295734853
40,105,20225,303,411,6.132838482701801
40,105,20226,303,401,1870.408626909465
40,105,20227,308,404,82.41509813000455
40,105,20230,306,407,1.8279198636516296
40,105,20234,306,407,8.631641311048764
40,105,20238,302,408,7.57261242053028
40,105,20239,306,407,220.57905900103285
40,105,20247,306,407,1.319483012262925
40,105,20249,302,408,568.2526260113231
40,105,20252,306,407,102.94505691289721
40,105,20253,306,407,2563.642465346424
40,105,20254,303,401,49.28500673454396
40,105,20259,306,407,22.454428668314346
40,105,20268,306,407,166.8662404296614
40,105,20272,308,404,241.2715070707645
40,105,20273,303,401,49.53556928420617
40,105,20274,302,408,11.038960637894254
40,105,20278,305,412,2490.867537111358
40,105,20283,306,407,397.04262388667473
40,105,20284,304,409,892.6902170222187
40,105,20291,306,407,131.7754638948325
40,105,20294,308,404,620.6053654747016
40,105,20297,306,407,44.54304191641104
40,105,20304,302,408,1.0978710688902353
40,105,20310,302,408,15.335404494147054
40,105,20313,305,412,2109.345986815724
40,105,20316,301,405,13.310968333120432
40,105,20319,302,408,322.6952283519191
40,105,20320,306,407,18.97499774145128
40,105,20321,302,408,126.02548772047048
40,105,20323,305,412,61.00551806040851
40,105,20324,303,401,45.23246479014303
40,105,20332,302,408,36.7606339989943
40,105,20337,302,408,106.72772506374403
40,105,20341,308,404,653.6720732335058
40,105,20344,308,404,1860.4202626233434
40,105,20346,306,407,121.90776075622703
40,105,20353,306,407,141.64405696950598
40,105,20359,305,412,172.7645897903991
40,105,20366,302,408,52.894525984710405
40,105,20368,306,407,123.50818732792918
40,105,20377,303,410,6.468699172076975
40,105,20387,305,412,176.90696909644123
40,105,20397,307,403,151.31841153976328
40,105,20401,307,403,151.31841153976328
40,105,20403,306,407,129.85067647194703
40,105,20404,303,401,5.051303745514348
40,105,20413,306,407,70.93518518546742
40,105,20414,308,404,57.50152097305567
40,105,20416,301,405,185.5407889097978
40,105,20426,306,407,2991.6052389593538
40,105,20429,305,412,4.557828751097294
40,105,20438,304,409,10.506306405689065
40,105,20439,302,408,406.18858726309776
40,105,20444,306,407,129.85067647194703
40,105,20447,304,409,250.3053853860641
40,105,20449,306,407,129.85067647194703
40,105,20454,306,407,1584.2308839047269
40,105,20456,304,409,63.96177521025608
40,105,20457,305,412,75.35224813052176
40,105,20461,303,406,6.8525607613410235
40,105,20464,307,403,12.804063263620757
40,105,20469,306,407,133.91289009366113
40,105,20474,302,408,195.4763200772894
40,105,20476,307,403,34.749629471536764
40,105,20480,307,403,541.1844499632602
40,105,20492,307,403,747.1808413767513
40,105,20494,304,409,39.77181468389483
40,105,20498,306,407,1.5387770847553708
40,105,20501,306,407,730.6561214031534
40,105,20503,308,404,186.83694523538918
40,105,20504,307,403,450.7170725833847
40,105,20510,308,404,35.17880402507134
40,105,20512,308,404,1063.2851392231657
40,105,20515,305,412,16.561984258055634
40,105,20531,307,403,28.89672272857297
40,105,20538,306,407,1.7213671572138765
40,105,20540,303,401,45.110776758020705
40,105,20549,307,403,164.9000167029306
40,105,20552,308,404,175.81413255891096
40,105,20554,305,412,365.6421556812029
40,105,20555,308,404,594.7284354578126
40,105,20561,303,401,65.38495680362989
40,105,20564,308,404,175.81413255891096
40,105,20567,303,406,3.7687111423422968
40,105,20569,303,401,45.90757768845377
40,105,20575,308,404,2426.4378267134784
40,105,20581,305,412,2448.8106201702785
40,105,20582,302,408,54.13853753567822
40,105,20583,306,407,3913.9972899719696
40,105,20584,306,407,2.009803609342055
40,105,20592,302,408,138.5109615878016
40,105,20596,302,408,14.044043006274585
40,105,20600,307,403,1605.4257932033436
40,105,20604,307,403,160.9693391124571
40,105,20614,304,409,65.02050649356167
40,105,20618,307,403,105.17042323620822
40,105,20619,307,403,160.9693391124571
40,105,20624,302,408,4550.8546485395855
40,105,20625,302,408,46.35368200867497
40,105,20627,307,403,237.10943356477713
40,105,20628,303,401,45.75785715596763
40,105,20629,307,403,221.53481911262136
40,105,20633,306,407,2146.2719189855356
40,105,20636,306,407,16.98199036940717
40,105,20641,302,408,112.12238254743986
40,105,20653,305,412,2140.4800401606167
40,105,20655,306,407,202.74857958904497
40,105,20657,303,410,2.996793656923035
40,105,20661,302,408,129.3902855922072
40,105,20666,307,403,157.5783397737242
40,105,20668,304,409,102.11051349914614
40,105,20672,302,408,0.7115242918540305
40,105,20674,308,404,168.00786119567624
40,105,20675,307,403,1227.2562795346942
40,105,20678,303,401,8.734773814130332
40,105,20683,302,408,2157.5975584829844
40,105,20684,303,401,20.919314717814665
40,105,20687,307,403,206.57208942143956
40,105,20692,308,404,150.95918836382975
40,105,20693,308,404,723.8203526575043
40,105,20696,305,412,13.049487618094709
40,105,20699,306,407,112.41333293944315
40,105,20701,302,408,47.51739824183993
40,105,20703,302,408,13.846198057323557
40,105,20704,307,403,24.55304152102283
40,105,20707,306,407,10.50345420295605
40,105,20709,302,408,24.066115741562538
40,105,20712,306,407,18.670878311904787
40,105,20720,303,401,72.02644406906377
40,105,20722,306,407,8.214462923584202
40,105,20727,302,408,34.75986307262818
40,105,20730,302,408,6.870158529354534
40,105,20736,308,404,128.16231492017448
40,105,20737,308,404,65.54716500999712
40,105,20738,305,412,7.701135617705463
40,105,20740,304,409,292.3848118697697
40,105,20742,308,404,670.9071379187676
40,105,20743,305,412,1780.8918069769989
40,105,20750,306,407,104.84840237598245
40,105,20759,302,408,943.4274813127372
40,105,20763,308,404,2617.810757058965
40,105,20766,306,407,27.642016286668667
40,105,20768,308,404,1311.4550005739854
40,105,20770,302,408,99.76467862705411
40,105,20775,306,407,13.749423708402508
40,105,20777,308,404,131.11026933335222
40,105,20780,306,407,1.680995167926366
40,105,20786,303,401,24.24306335647039
40,105,20789,302,408,62.186750715557224
40,105,20792,302,408,1631.5933988125846
40,105,20793,306,407,110.27919279846341
40,105,20796,304,409,17.413779981922055
40,105,20799,302,408,339.27881777788497
40,105,20803,304,409,69.44610557507424
40,105,20808,306,407,34.90450849692175
40,105,20814,301,405,98.819086644725
40,105,20820,306,407,15416.591498958594
40,105,20822,306,407,134.90860838531572
40,105,20830,307,403,15.917017896557343
40,105,20832,306,407,124.70648198439268
40,105,20836,301,405,42.1086000991567
40,105,20840,303,401,25.91287340351401
40,105,20841,307,403,126.13086114468744
40,105,20842,308,404,764.6007066133163
40,105,20846,302,408,3.390727698473009
40,105,20854,302,408,41.779090091025395
40,105,20869,306,407,101.01325610658047
40,105,20873,302,408,38.878214560198074
40,105,20875,302,408,1.4186269086246466
40,105,20876,304,409,9.647872474684835
40,105,20877,308,404,1818.9167717125597
40,105,20879,305,412,6.37540697439701
40,105,20886,303,410,6.623123839218453
40,105,20888,303,401,45.28553025482222
40,105,20897,306,407,9.413132509576236
40,105,20899,302,408,138.68465518114905
40,105,20911,301,405,58.133524329887045
40,105,20914,302,408,493.3994765521594
40,105,20917,302,408,9.426886970213937
40,105,20924,306,407,95.39085402897717
40,105,20925,306,407,53.55247677960928
40,105,20929,308,404,188.7476854163631
40,105,20932,303,401,152.78550455626518
40,105,20933,302,408,9.623463813281873
40,105,20937,308,404,113.94670503077762
40,105,20945,306,407,2344.3382501297633
40,105,20949,307,403,18.345397660509526
40,105,20951,302,408,38.878214560198074
40,105,20952,306,407,1179.9933732605884
40,105,20953,302,408,113.29211633020131
40,105,20955,304,409,953.7460057131766
40,105,20956,307,403,4.986356132047995
40,105,20961,307,403,119.15585081730177
40,105,20973,306,407,3684.862483413863
40,105,20980,303,401,20.179967280205194
40,105,20981,304,409,20.220637513815277
40,105,20991,302,408,38.2225349783037
40,105,21000,301,405,18.053056279475324
40,105,21001,305,412,10.311349924770228
40,105,21011,302,408,43.76647201212703
40,105,21022,306,407,675.6101317331135
40,105,21023,306,407,29.52724933566192
40,105,21026,306,407,3211.8358140356304
40,105,21037,308,404,115.77162113798386
40,105,21038,308,404,110.30436964779597
40,105,21039,306,407,2.5324809817313496
40,105,21044,302,408,0.49425843850131984
40,105,21046,302,408,170.9344026470465
40,105,21054,308,404,63.888030793787614
40,105,21056,306,407,90.51668955659908
40,105,21060,302,408,36.47949257566556
40,105,21062,302,408,2.160912793238999
40,105,21063,302,408,27.659965659719806
40,105,21067,302,408,49.404436391103665
40,105,21068,305,412,239.29666817279568
40,105,21075,303,401,6.682172847072009
40,105,21081,307,403,716.1459387542375
40,105,21082,306,407,14.729363280194661
40,105,21085,305,412,162.67696707387
40,105,21088,301,405,22.781184726793814
40,105,21090,302,408,1.9213307534728632
40,105,21097,308,404,115.77162113798386
40,105,21100,302,408,2.189543564451677
40,105,21101,308,404,115.77162113798386
40,105,21103,306,407,2411.5685241019887
40,105,21109,302,408,45.61142538615724
40,105,21110,307,403,11.214565559679315
40,105,21111,303,410,0.9830128736674165
40,105,21115,307,403,428.77695975056116
40,105,21117,306,407,90.51668955659908
40,105,21124,307,403,130.95970316465517
40,105,21127,302,408,225.58281215612215
40,105,21130,305,412,162.67696707387
40,105,21135,308,404,115.77162113798386
40,105,21144,303,401,45.226694247983886
40,105,21147,306,407,3008.5593030196833
40,105,21149,304,409,58.31672686429455
40,105,21151,306,407,51.142921116070745
40,105,21154,306,407,93.71604990561433
40,105,21156,302,408,7.228066258664954
40,105,21157,308,404,599.573642156508
40,105,21158,306,407,32.002196107717495
40,105,21160,306,407,45.54201610418463
40,105,21168,308,404,4.39333573266048
40,105,21180,303,401,2600.974639667631
40,105,21183,307,403,1073.5861585182938
40,105,21184,303,401,44.340367654586906
40,105,21188,303,410,2.2510140917693944
40,105,21192,303,411,6.040125332897642
40,105,21195,302,408,26.377809094176676
40,105,21201,306,407,1.8974549651791843
40,105,21204,308,404,37.518752728181184
40,105,21211,303,401,96.2861610257946
40,105,21215,303,401,14.209980893973729
40,105,21216,306,407,6.565256715538454
40,105,21219,304,409,63.36795973646775
40,105,21220,305,412,27.831307908345483
40,105,21221,306,407,0.9564707235507398
40,105,21224,306,407,86.12732814424892
40,105,21225,306,407,9.093351303943153
40,105,21229,305,412,2787.54982048383
40,105,21235,306,407,86.12732814424892
40,105,21236,303,410,3.1779048609411826
40,105,21238,308,404,109.33859865351036
40,105,21240,302,408,15.848608443658609
40,105,21245,302,408,12.344678685135205
40,105,21249,307,403,4173.918170431652
40,105,21252,306,407,12.065751888834452
40,105,21253,306,407,1348.498210062121
40,105,21255,306,407,899.2463654388649
40,105,21260,301,405,561.9166799777071
40,105,21268,307,403,3.3104577742050867
40,105,21270,308,404,118.5519834658512
40,105,21274,305,412,202.94790957753366
40,105,21284,306,407,0.6250576032950731
40,105,21285,306,407,841.7227302405197
40,105,21290,305,412,3689.770166799626
40,105,21292,303,410,2.962616382482352
40,105,21296,304,409,356.30905448003824
40,105,21306,306,407,3.0877353749031697
40,105,21312,302,408,22.0270176029305
40,105,21314,308,404,1496.4812650487813
40,105,21321,306,407,16.856880100905034
40,105,21323,302,408,73.39536781216007
40,105,21324,301,405,133.69369925429967
40,105,21326,307,403,33.928031617577886
40,105,21328,303,410,1.9099431215462732
40,105,21329,308,404,117.90426355253022
40,105,21346,306,407,3.9308807980505502
40,105,21354,308,404,117.90426355253022
40,105,21358,306,407,34.87844316202451
40,105,21363,305,412,4.690866636019119
40,105,21369,306,407,84.9663010034344
40,105,21379,305,412,14.622615004930239
40,105,21381,306,407,4.868508346422278
40,105,21386,306,407,7.663037409361571
40,105,21388,302,408,8.437576264416471
40,105,21389,308,404,108.73595804776778
40,105,21393,307,403,98.14227694919364
40,105,21394,306,407,820.6911444260342
40,105,21398,308,404,512.495395786794
40,105,21405,305,412,146.28924473812722
40,105,21406,303,401,17.640056114829672
40,105,21410,306,407,1860.8813204012965
40,105,21415,305,412,160.547694753345
40,105,21416,308,404,112.56904355639215
40,105,21420,307,403,16.441865926279547
40,105,21424,306,407,1657.85098996129
40,105,21430,306,407,20.23782880511331
40,105,21431,302,408,33.57556664853584
40,105,21435,308,404,2280.828714598257
40,105,21437,302,408,25.08773200000434
40,105,21444,307,403,333.92261561611974
40,105,21446,308,404,1654.1657924975655
40,105,21450,302,408,37.98283045524521
40,105,21451,308,404,116.87183933318566
40,105,21456,306,407,47.18034083342511
40,105,21465,302,408,1895.9304315877196
40,105,21467,306,407,17.330935166046807
40,105,21484,305,412,74.3565000205133
40,105,21488,307,403,54.15394143785524
40,105,21490,306,407,32.718137463139236
40,105,21492,306,407,12.610472541685768
40,105,21496,307,403,98.78788911857079
40,105,21497,306,407,1.1206695928411892
40,105,21502,302,408,22.54506991796215
40,105,21504,302,408,16.659825545535792
40,105,21505,305,412,1333.690826527022
40,105,21507,306,407,34.8022036572837
40,105,21508,308,404,113.30955974038893
40,105,21509,305,412,147.18437663395247
40,105,21510,302,408,36.85652757282441
40,105,21521,306,407,0.5307817786632132
40,105,21523,306,407,89.36995685188815
40,105,21529,304,409,17.964151944072487
40,105,21530,301,405,157.44120271440647
40,105,21550,301,405,3.894177053628846
40,105,21553,306,407,830.8420787239237
40,105,21555,303,410,0.6981693299183265
40,105,21557,307,403,103.79860386721295
40,105,21562,306,407,77.7975335184993
40,105,21573,306,407,1611.73525341736
40,105,21583,305,412,10.6078043018548
40,105,21596,302,408,18.715209189450846
40,105,21597,302,408,17.014868457217407
40,105,21601,306,407,537.789349291687
40,105,21606,302,408,38.7259626618891
40,105,21607,306,407,89.36995685188815
40,105,21612,304,409,16.186646108408432
40,105,21619,306,402,17541.93331970936
40,105,21621,308,404,119.30508420420307
40,105,21630,308,404,119.30508420420307
40,105,21631,302,408,709.34919387167
40,105,21636,307,403,40.941478745055505
40,105,21648,306,407,8.801107673804248
40,105,21651,308,404,214.50839941311213
40,105,21653,306,407,44.282515668340515
40,105,21659,306,407,1.9348544425752283
40,105,21661,306,407,630.8724165296036
40,105,21664,307,403,3.418518465980908
40,105,21667,307,403,103.79860386721295
40,105,21675,305,412,162.04628397751597
40,105,21678,302,408,631.4473168484257
40,105,21681,302,408,12.74169666594146
40,105,21683,302,408,13.043788493175525
40,105,21687,306,407,89.36995685188815
40,105,21691,301,405,114.01982254930248
40,105,21698,308,404,461.5673174370561
40,105,21700,302,408,497.8537702097776
40,105,21703,305,412,75.53615913428713
40,105,21715,302,408,14366.221048641533
40,105,21716,307,403,25.828231882001127
40,105,21727,306,407,91.06662395247633
40,105,21729,308,404,121.97442835655605
40,105,21730,302,408,756.352610409872
40,105,21731,301,405,1462.3243362968117
40,105,21732,304,409,85.34025962191616
40,105,21735,306,407,2050.286581374058
40,105,21737,307,403,78.1716824926736
40,105,21743,307,403,144.61924459395433
40,105,21750,306,407,6.9285143706936445
40,105,21757,303,406,9.65351783127779
40,105,21758,302,408,993.0559264951522
40,105,21768,307,403,14.491304505910774
40,105,21777,302,408,2.760490405552054
40,105,21779,307,403,49.349569838206705
40,105,21780,306,407,1.9913796037077294
40,105,21785,305,412,5.43594422722343
40,105,21788,304,409,241.14652580332987
40,105,21791,302,408,1616.5621963865394
40,105,21794,306,407,7677.513158077313
40,105,21795,306,407,13.08292565850347
40,105,21801,301,405,46.814708017935985
40,105,21807,303,410,2.9432722492700756
40,105,21809,307,403,1650.219483878306
40,105,21814,306,407,78.9812905475178
40,105,21819,306,402,32.62527900969201
40,105,21821,303,401,41.25920045963058
40,105,21822,307,403,110.50370705649341
40,105,21823,302,408,41.29522729576648
40,105,21828,304,409,19.82637611560781
40,105,21829,302,408,813.790946493896
40,105,21835,308,404,406.66145386606985
40,105,21839,307,403,93.16312513580088
40,105,21840,302,408,3.9053429126070345
40,105,21854,308,404,127.43432957214932
40,105,21855,302,408,17.334125401252088
40,105,21860,304,409,144.6524958663392
40,105,21867,301,405,39.935806927927096
40,105,21871,306,407,53.788760231413235
40,105,21875,302,408,4.516511235151263
40,105,21878,305,412,147.5444765506803
40,105,21879,306,407,95.14300928600412
40,105,21883,306,407,115.20355624278915
40,105,21884,306,407,62.331950032593475
40,105,21892,303,410,2.0958648398744457
40,105,21893,306,407,2932.3124069085466
40,105,21895,308,404,18.18913076855387
40,105,21900,307,403,112.82509159665202
40,105,21902,308,404,5133.944612530726
40,105,21903,305,412,25.89755736364396
40,105,21911,306,407,13.12795843966935
40,105,21915,303,410,4.406293598222562
40,105,21916,305,412,163.57561150757138
40,105,21917,305,412,457.3553980258329
40,105,21925,302,408,92.66154551730024
40,105,21928,308,404,113.93068419451588
40,105,21951,307,403,99.44043485503128
40,105,21953,307,403,99.44043485503128
40,105,21954,302,408,36.219198447383405
40,105,21961,308,404,69.17104331519813
40,105,21964,303,410,2.2505617177118706
40,105,21966,307,403,4.134462002882736
40,105,21973,308,404,26.9728424310854
40,105,21974,306,407,2.63709758526082
40,105,21977,307,403,33.45271793077103
40,105,21978,307,403,78.57375455643304
40,105,21986,301,405,1712.6956296919248
40,105,21994,303,401,22.88872569993009
40,105,21995,306,407,141.2719521711032
40,105,22004,303,401,37.144059546766755
40,105,22005,308,404,105.40156073192311
40,105,22007,302,408,83.20044340953781
40,105,22008,308,404,105.42349313079251
40,105,22009,306,407,83.99219228729305
40,105,22013,303,401,13.620317427041064
40,105,22015,304,409,15.092778392629837
40,105,22021,307,403,299.7749261330199
40,105,22025,306,407,0.9703921959220999
40,105,22029,301,405,43.145302760193346
40,105,22030,307,403,29.643781767634827
40,105,22035,305,412,4.434882929213998
40,105,22040,304,409,42.51348532595167
40,105,22045,302,408,23.68826879032772
40,105,22046,305,412,32.536627757352775
40,105,22048,306,407,1.1198852307729168
40,105,22050,308,404,41.252051794163066
40,105,22052,302,408,7.515609564787118
40,105,22056,302,408,595.3933633373088
40,105,22058,302,408,601.9536418216298
40,105,22059,305,412,30.280440656535173
40,105,22072,305,412,920.4872396755371
40,105,22075,307,403,84.14937736775708
40,105,22083,303,401,1659.1733956880873
40,105,22084,302,408,4.71243964801767
